<?xml version="1.0"?>
<gameList>
	<game>
		<path>./hello-sdl2.exec</path>
		<name>hello-sdl2</name>
		<playcount>2</playcount>
		<lastplayed>20250912T161602</lastplayed>
	</game>
	<game>
		<path>./esp32.exec</path>
		<name>esp32</name>
		<playcount>69</playcount>
		<lastplayed>20250914T201517</lastplayed>
	</game>
	<game>
		<path>./joy.exec</path>
		<name>joy</name>
		<playcount>24</playcount>
		<lastplayed>20250919T192712</lastplayed>
	</game>
	<game>
		<path>./eps32go.exec</path>
		<name>eps32go</name>
		<playcount>1</playcount>
		<lastplayed>20250919T192657</lastplayed>
	</game>
	<game>
		<path>./esp32go.exec</path>
		<name>esp32go</name>
		<playcount>111</playcount>
		<lastplayed>20251003T230303</lastplayed>
	</game>
</gameList>
